testuser01@example.com,Test User 01,testuser01,TestPass01!,true
testuser02@example.com,Test User 02,testuser02,TestPass02!,true
testuser03@example.com,Test User 03,testuser03,TestPass03!,true
testuser04@example.com,Test User 04,testuser04,TestPass04!,true
testuser05@example.com,Test User 05,testuser05,TestPass05!,true
testuser06@example.com,Test User 06,testuser06,TestPass06!,true
testuser07@example.com,Test User 07,testuser07,TestPass07!,true
testuser08@example.com,Test User 08,testuser08,TestPass08!,true
testuser09@example.com,Test User 09,testuser09,TestPass09!,true
testuser10@example.com,Test User 10,testuser10,TestPass10!,true
